Area,Item,Value,Value_norm
Afghanistan,"Almonds, in shell",64000,0.000304659
Afghanistan,Apples,318000,0.001513775
Afghanistan,Apricots,170507.92,0.000811669
Afghanistan,Grapes,910000,0.004331873
Afghanistan,Olives,7687.24,3.65936E-05
Afghanistan,Oranges,8261.21,3.93258E-05
Afghanistan,"Pistachios, in shell",2800.16,1.33296E-05
Afghanistan,Potatoes,889000,0.004231907
Afghanistan,Rice,592000,0.002818098
Afghanistan,"Walnuts, in shell",20000,9.5206E-05
Afghanistan,Wheat,3810000,0.018136742
Albania,Apples,103645,0.000493381
Albania,Apricots,5500,2.61816E-05
Albania,Cherries,24357,0.000115947
Albania,Dates,12084,5.75235E-05
Albania,Grapes,217883,0.001037188
Albania,Olives,157710,0.000750747
Albania,Oranges,14294,6.80437E-05
Albania,Potatoes,262673,0.001250402
Albania,Strawberries,6290,2.99423E-05
Albania,Tomatoes,315057.3,0.001499767
Albania,Wheat,233145,0.00110984
Algeria,"Almonds, in shell",62988.46,0.000299844
Algeria,Apples,539852.35,0.002569859
Algeria,Apricots,203916.41,0.000970703
Algeria,Bananas,236.75,1.127E-06
Algeria,Cherries,11158.61,5.31183E-05
Algeria,Dates,1247403.75,0.005938016
Algeria,Grapes,627325.49,0.002986257
Algeria,Olives,822973.59,0.003917601
Algeria,Oranges,1209559.96,0.005757868
Algeria,Potatoes,4299816.54,0.020468416
Algeria,Rice,307.49,1.46374E-06
Algeria,Tomatoes,1661664.37,0.007910021
Algeria,Wheat,3000000,0.0142809
Angola,Bananas,4589099,0.021845487
Angola,Potatoes,502204,0.002390642
Angola,Rice,10563,5.0283E-05
Angola,Tomatoes,587785,0.002798033
Angola,Wheat,2943.08,1.40099E-05
Antigua and Barbuda,Bananas,7.04,3.35125E-08
Antigua and Barbuda,Tomatoes,90.5,4.30807E-07
Argentina,"Almonds, in shell",721.82,3.43608E-06
Argentina,Apples,423343,0.00201524
Argentina,Apricots,27517.11,0.00013099
Argentina,Bananas,176654.89,0.00084093
Argentina,Cherries,7387.64,3.51674E-05
Argentina,Grapes,1936803,0.009219763
Argentina,Olives,356301.34,0.001696101
Argentina,Oranges,1057677.78,0.005034863
Argentina,Potatoes,2223409.27,0.010584095
Argentina,Rice,1222426,0.005819114
Argentina,Strawberries,45569.72,0.000216926
Argentina,Tomatoes,1393000,0.006631098
Argentina,"Walnuts, in shell",22636.47,0.000107756
Argentina,Wheat,22150287,0.105442008
Armenia,Apples,87541.5,0.000416724
Armenia,Apricots,113572.3,0.000540638
Armenia,Cherries,11821.4,5.62734E-05
Armenia,Grapes,225815.8,0.001074951
Armenia,"Hazelnuts, in shell",336.9,1.60375E-06
Armenia,Potatoes,351392.9,0.001672736
Armenia,Tomatoes,186080,0.000885797
Armenia,"Walnuts, in shell",3648.8,1.73694E-05
Armenia,Wheat,138612.8,0.000659838
Australia,"Almonds, in shell",360328.03,0.001715269
Australia,Apples,300518.14,0.001430556
Australia,Apricots,5267.07,2.50728E-05
Australia,Bananas,280836.63,0.001336867
Australia,Blueberries,6285.96,2.99231E-05
Australia,Cherries,18818.01,8.95794E-05
Australia,Grapes,1228829.43,0.005849597
Australia,Olives,101319.58,0.000482312
Australia,Oranges,390680.18,0.001859755
Australia,"Pistachios, in shell",1525.76,7.26308E-06
Australia,Potatoes,1108929.67,0.005278838
Australia,Raspberries,646.79,3.07891E-06
Australia,Rice,691444.48,0.003291483
Australia,Strawberries,58978.68,0.000280756
Australia,Tomatoes,325000,0.001547097
Australia,"Walnuts, in shell",5332.75,2.53855E-05
Australia,Wheat,36237477.23,0.172501258
Austria,Apples,260610,0.001240582
Austria,Apricots,6280,2.98947E-05
Austria,Blueberries,2060,9.80622E-06
Austria,Cherries,7600,3.61783E-05
Austria,Grapes,336990,0.001604173
Austria,Potatoes,686220,0.003266613
Austria,Raspberries,700,3.33221E-06
Austria,Strawberries,16930,8.05919E-05
Austria,Tomatoes,56980,0.000271242
Austria,"Walnuts, in shell",4940,2.35159E-05
Austria,Wheat,1712530,0.008152156
Azerbaijan,"Almonds, in shell",5318.3,2.53167E-05
Azerbaijan,Apples,318197.2,0.001514714
Azerbaijan,Apricots,30284.4,0.000144163
Azerbaijan,Cherries,11510.5,5.47934E-05
Azerbaijan,Grapes,212645.1,0.001012254
Azerbaijan,"Hazelnuts, in shell",72104.6,0.00034324
Azerbaijan,Olives,3171.7,1.50982E-05
Azerbaijan,Oranges,5057.9,2.40771E-05
Azerbaijan,"Pistachios, in shell",28,1.33288E-07
Azerbaijan,Potatoes,1074261.3,0.005113806
Azerbaijan,Raspberries,11846.01,5.63906E-05
Azerbaijan,Rice,10715.4,5.10085E-05
Azerbaijan,Tomatoes,826492.9,0.003934354
Azerbaijan,"Walnuts, in shell",13646.5,6.49614E-05
Azerbaijan,Wheat,1690831.6,0.008048865
Bahamas,Bananas,10114.35,4.81473E-05
Bahamas,Oranges,3691.03,1.75704E-05
Bahamas,Tomatoes,7578.44,3.60756E-05
Bahrain,Dates,13800,6.56921E-05
Bahrain,Grapes,155.49,7.40179E-07
Bahrain,Potatoes,29.79,1.41809E-07
Bahrain,Tomatoes,8004.43,3.81035E-05
Bangladesh,Bananas,826179,0.00393286
Bangladesh,Oranges,3550,1.68991E-05
Bangladesh,Potatoes,10144835,0.048292457
Bangladesh,Rice,57189193,0.272237707
Bangladesh,Strawberries,167,7.9497E-07
Bangladesh,Tomatoes,442299,0.002105476
Bangladesh,Wheat,1085834,0.005168895
Barbados,Bananas,259,1.23292E-06
Barbados,Tomatoes,906,4.31283E-06
Belarus,Apples,532700,0.002535812
Belarus,Cherries,4990.86,2.3758E-05
Belarus,Grapes,34865.49,0.00016597
Belarus,"Hazelnuts, in shell",1248.38,5.94266E-06
Belarus,Potatoes,3857256,0.018361695
Belarus,Strawberries,81983.5,0.000390266
Belarus,Tomatoes,330974.37,0.001575537
Belarus,"Walnuts, in shell",16540.41,7.87373E-05
Belarus,Wheat,2350000,0.011186705
Belgium,Apples,238600,0.001135808
Belgium,Blueberries,700,3.33221E-06
Belgium,Cherries,8280,3.94153E-05
Belgium,Potatoes,3577730,0.017031068
Belgium,Raspberries,2040,9.71101E-06
Belgium,Strawberries,48640,0.000231541
Belgium,Tomatoes,298800,0.001422378
Belgium,Wheat,1851870,0.008815457
Belize,Bananas,86210,0.000410385
Belize,Oranges,53400.18,0.000254201
Belize,Potatoes,592,2.8181E-06
Belize,Rice,15364,7.31372E-05
Belize,Tomatoes,1361,6.47877E-06
Benin,Bananas,20386.93,9.70479E-05
Benin,Dates,1419.05,6.7551E-06
Benin,Oranges,14969.31,7.12584E-05
Benin,Potatoes,276.04,1.31403E-06
Benin,Rice,525014.19,0.002499225
Benin,Tomatoes,266749.81,0.001269809
Bhutan,Apples,2222.94,1.05819E-05
Bhutan,Apricots,35.06,1.66896E-07
Bhutan,Bananas,2139.16,1.0183E-05
Bhutan,"Hazelnuts, in shell",13,6.18839E-08
Bhutan,Oranges,18466.6,8.79066E-05
Bhutan,Potatoes,31145.61,0.000148262
Bhutan,Rice,41049.13,0.000195406
Bhutan,Tomatoes,205.63,9.7886E-07
Bhutan,"Walnuts, in shell",129.43,6.16126E-07
Bhutan,Wheat,769.78,3.66438E-06
Bolivia (Plurinational State of),Apples,2795.14,1.33057E-05
Bolivia (Plurinational State of),Bananas,308180.58,0.001467032
Bolivia (Plurinational State of),Cherries,903.43,4.3006E-06
Bolivia (Plurinational State of),Grapes,27523.83,0.000131022
Bolivia (Plurinational State of),Oranges,188971.62,0.000899562
Bolivia (Plurinational State of),Potatoes,1243912.95,0.005921399
Bolivia (Plurinational State of),Rice,608680.66,0.002897502
Bolivia (Plurinational State of),Strawberries,3307.43,1.57444E-05
Bolivia (Plurinational State of),Tomatoes,86837.16,0.000413371
Bolivia (Plurinational State of),Wheat,310729.65,0.001479166
Bosnia and Herzegovina,"Almonds, in shell",18,8.56854E-08
Bosnia and Herzegovina,Apples,211101,0.001004904
Bosnia and Herzegovina,Apricots,4117,1.95982E-05
Bosnia and Herzegovina,Cherries,25364,0.00012074
Bosnia and Herzegovina,Grapes,22977,0.000109377
Bosnia and Herzegovina,Olives,304,1.44713E-06
Bosnia and Herzegovina,Oranges,135.06,6.42926E-07
Bosnia and Herzegovina,Potatoes,312923,0.001489607
Bosnia and Herzegovina,Raspberries,12188,5.80185E-05
Bosnia and Herzegovina,Strawberries,3960,1.88508E-05
Bosnia and Herzegovina,Tomatoes,33743,0.000160627
Bosnia and Herzegovina,"Walnuts, in shell",14737,7.01525E-05
Bosnia and Herzegovina,Wheat,281414,0.001339615
Botswana,Oranges,4309.08,2.05125E-05
Botswana,Potatoes,3393.93,1.61561E-05
Botswana,Tomatoes,8998.54,4.28357E-05
Botswana,Wheat,947.41,4.50996E-06
Brazil,Apples,1047217,0.004985067
Brazil,Bananas,6854222,0.032628152
Brazil,Grapes,1450805,0.006906267
Brazil,Olives,4588,2.18403E-05
Brazil,Oranges,16929631,0.08059012
Brazil,Potatoes,3889797,0.0185166
Brazil,Rice,10776268,0.051298267
Brazil,Strawberries,183922.5,0.000875526
Brazil,Tomatoes,3809986,0.018136676
Brazil,"Walnuts, in shell",6127,2.91664E-05
Brazil,Wheat,10343182,0.049236648
Brunei Darussalam,Bananas,1673,7.96398E-06
Brunei Darussalam,Oranges,454.86,2.16527E-06
Brunei Darussalam,Rice,4200,1.99933E-05
Brunei Darussalam,Tomatoes,138.99,6.61634E-07
Bulgaria,"Almonds, in shell",960,4.56989E-06
Bulgaria,Apples,46400,0.000220878
Bulgaria,Apricots,19040,9.06361E-05
Bulgaria,Blueberries,140,6.66442E-07
Bulgaria,Cherries,53920,0.000256675
Bulgaria,Grapes,161720,0.000769836
Bulgaria,"Hazelnuts, in shell",760,3.61783E-06
Bulgaria,Potatoes,172210,0.000819771
Bulgaria,Raspberries,5690,2.70861E-05
Bulgaria,Rice,64320,0.000306182
Bulgaria,Strawberries,5130,2.44203E-05
Bulgaria,Tomatoes,126460,0.000601988
Bulgaria,"Walnuts, in shell",4040,1.92316E-05
Bulgaria,Wheat,6447770,0.030693319
Burkina Faso,"Almonds, in shell",2045.79,9.73857E-06
Burkina Faso,Bananas,46360.39,0.000220689
Burkina Faso,Oranges,624.15,2.97114E-06
Burkina Faso,Potatoes,28854.81,0.000137358
Burkina Faso,Rice,438982.38,0.002089688
Burkina Faso,Tomatoes,313578.14,0.001492726
Burkina Faso,"Walnuts, in shell",134955.37,0.000642428
Burundi,Bananas,1271767.56,0.006053995
Burundi,Potatoes,354554.42,0.001687785
Burundi,Rice,127483.87,0.000606861
Burundi,Wheat,9197.14,4.37811E-05
Cabo Verde,Bananas,4628,2.20307E-05
Cabo Verde,Potatoes,4031,1.91888E-05
Cabo Verde,Tomatoes,10082,4.79933E-05
Cambodia,Bananas,310000,0.001475693
Cambodia,Oranges,65708.73,0.000312793
Cambodia,Rice,11624000,0.055333726
Cameroon,Apricots,923.97,4.39837E-06
Cameroon,Bananas,878280.32,0.004180878
Cameroon,Dates,587.24,2.79544E-06
Cameroon,"Hazelnuts, in shell",166.36,7.91923E-07
Cameroon,Potatoes,371641.95,0.001769127
Cameroon,Rice,343102.63,0.001633271
Cameroon,Tomatoes,1219046.16,0.005803025
Cameroon,Wheat,602.84,2.8697E-06
Canada,Apples,380571,0.001811632
Canada,Apricots,782,3.72255E-06
Canada,Blueberries,180117,0.000857411
Canada,Cherries,18345,8.73277E-05
Canada,Grapes,90182,0.000429293
Canada,Potatoes,6248376.27,0.029744145
Canada,Raspberries,6909,3.28889E-05
Canada,Strawberries,25072,0.00011935
Canada,Tomatoes,528938,0.002517903
Canada,Wheat,34334787,0.163443882
Central African Republic,Bananas,142580.14,0.000678724
Central African Republic,Oranges,33933.23,0.000161532
Central African Republic,Potatoes,1336.96,6.36433E-06
Central African Republic,Rice,51773,0.000246455
Chad,Dates,21373.3,0.000101743
Chad,Potatoes,36496.34,0.000173734
Chad,Rice,231965,0.001104223
Chad,Wheat,1205,5.73616E-06
Chile,"Almonds, in shell",47388.12,0.000225582
Chile,Apples,1479683.43,0.007043737
Chile,Apricots,4561.71,2.17151E-05
Chile,Blueberries,122512.15,0.000583195
Chile,Cherries,443067.19,0.002109133
Chile,Grapes,2402686.05,0.011437506
Chile,"Hazelnuts, in shell",62557.07,0.00029779
Chile,Olives,128963.31,0.000613904
Chile,Oranges,138222.01,0.000657978
Chile,Potatoes,1024511.41,0.004876982
Chile,Raspberries,11775.33,5.60541E-05
Chile,Rice,100557,0.000478681
Chile,Strawberries,28374.6,0.000135072
Chile,Tomatoes,686627.29,0.003268552
Chile,"Walnuts, in shell",153000,0.000728326
Chile,Wheat,1106926.47,0.005269302
China,"Almonds, in shell",104000,0.000495071
China,Apples,47573200,0.226462697
China,Apricots,69479.85,0.000330745
China,Bananas,12111643.94,0.057655057
China,Cherries,35730.83,0.000170089
China,Dates,161120.8,0.000766983
China,Grapes,12672896.21,0.060326786
China,"Hazelnuts, in shell",24695.6,0.000117558
China,Olives,2616.33,1.24545E-05
China,Oranges,7706852.63,0.036686929
China,"Pistachios, in shell",81699.82,0.000388916
China,Potatoes,95631395.81,0.45523412
China,Rice,210070800.1,1
China,Strawberries,3364007.58,0.016013685
China,Tomatoes,68341799.62,0.325327459
China,"Walnuts, in shell",1400000,0.00666442
China,Wheat,137726000,0.655617058
"China, Hong Kong SAR",Rice,0.06,2.85618E-10
"China, Hong Kong SAR",Tomatoes,45.17,2.15023E-07
"China, mainland","Almonds, in shell",104000,0.000495071
"China, mainland",Apples,47571800,0.226456033
"China, mainland",Apricots,53325.02,0.000253843
"China, mainland",Bananas,11776800,0.056061099
"China, mainland",Cherries,35730.83,0.000170089
"China, mainland",Dates,161120.8,0.000766983
"China, mainland",Grapes,12600000,0.059979778
"China, mainland","Hazelnuts, in shell",24695.6,0.000117558
"China, mainland",Oranges,7600000,0.036178279
"China, mainland","Pistachios, in shell",81699.82,0.000388916
"China, mainland",Potatoes,95570055.48,0.454942122
"China, mainland",Rice,208494800,0.992497767
"China, mainland",Strawberries,3354803.57,0.015969871
"China, mainland",Tomatoes,68241810.69,0.324851482
"China, mainland","Walnuts, in shell",1400000,0.00666442
"China, mainland",Wheat,137720000,0.655588497
"China, Taiwan Province of",Apples,1400,6.66442E-06
"China, Taiwan Province of",Apricots,16154.83,7.69018E-05
"China, Taiwan Province of",Bananas,334843.94,0.001593958
"China, Taiwan Province of",Grapes,72896.21,0.000347008
"China, Taiwan Province of",Olives,2616.33,1.24545E-05
"China, Taiwan Province of",Oranges,106852.63,0.000508651
"China, Taiwan Province of",Potatoes,61340.32,0.000291998
"China, Taiwan Province of",Rice,1576000,0.007502233
"China, Taiwan Province of",Strawberries,9204.01,4.38138E-05
"China, Taiwan Province of",Tomatoes,99943.76,0.000475762
"China, Taiwan Province of",Wheat,6000,2.85618E-05
Colombia,Apples,13356.84,6.35826E-05
Colombia,Bananas,2521732.57,0.012004203
Colombia,Dates,56,2.66577E-07
Colombia,Grapes,34558.7,0.00016451
Colombia,Oranges,749440.22,0.00356756
Colombia,Potatoes,2526330.01,0.012026088
Colombia,Rice,2620100,0.012472462
Colombia,Strawberries,113949.4,0.000542433
Colombia,Tomatoes,875436.86,0.004167342
Colombia,Wheat,12930,6.15507E-05
Comoros,Bananas,80959.82,0.000385393
Comoros,Potatoes,3497.99,1.66515E-05
Comoros,Rice,5,2.38015E-08
Comoros,Tomatoes,11300.08,5.37918E-05
Congo,Bananas,89082.48,0.000424059
Congo,Oranges,2198.06,1.04634E-05
Congo,Potatoes,6985.18,3.32516E-05
Congo,Rice,1000,4.7603E-06
Congo,Tomatoes,3820.04,1.81845E-05
Cook Islands,Bananas,4.05,1.92792E-08
Cook Islands,Oranges,9.17,4.36519E-08
Cook Islands,Tomatoes,280.57,1.3356E-06
Costa Rica,Bananas,2494250,0.011873378
Costa Rica,Oranges,217160,0.001033747
Costa Rica,Potatoes,77783.91,0.000370275
Costa Rica,Rice,103740,0.000493834
Costa Rica,Strawberries,4972.38,2.367E-05
Costa Rica,Tomatoes,58697.67,0.000279419
Côte d'Ivoire,"Almonds, in shell",1676.27,7.97955E-06
Côte d'Ivoire,Bananas,531382.44,0.00252954
Côte d'Ivoire,Oranges,41367.24,0.00019692
Côte d'Ivoire,Rice,1993000,0.009487278
Côte d'Ivoire,Tomatoes,44578.83,0.000212209
Croatia,"Almonds, in shell",130,6.18839E-07
Croatia,Apples,46810,0.00022283
Croatia,Apricots,670,3.1894E-06
Croatia,Blueberries,730,3.47502E-06
Croatia,Cherries,1800,8.56854E-06
Croatia,Grapes,117500,0.000559335
Croatia,"Hazelnuts, in shell",2580,1.22816E-05
Croatia,Olives,40130,0.000191031
Croatia,Oranges,680,3.237E-06
Croatia,Potatoes,103400,0.000492215
Croatia,Raspberries,170,8.09251E-07
Croatia,Strawberries,3200,1.5233E-05
Croatia,Tomatoes,25840,0.000123006
Croatia,"Walnuts, in shell",920,4.37948E-06
Croatia,Wheat,971470,0.004624489
Cuba,Bananas,237354.44,0.001129878
Cuba,Grapes,20514.45,9.76549E-05
Cuba,Oranges,7517.78,3.57869E-05
Cuba,Potatoes,92942.13,0.000442432
Cuba,Rice,183931.74,0.00087557
Cuba,Tomatoes,305614.82,0.001454818
Cyprus,"Almonds, in shell",420,1.99933E-06
Cyprus,Apples,2900,1.38049E-05
Cyprus,Apricots,1000,4.7603E-06
Cyprus,Bananas,5480,2.60864E-05
Cyprus,Grapes,21890,0.000104203
Cyprus,"Hazelnuts, in shell",20,9.5206E-08
Cyprus,Olives,21140,0.000100633
Cyprus,Oranges,16000,7.61648E-05
Cyprus,Potatoes,90000,0.000428427
Cyprus,Strawberries,1550,7.37846E-06
Cyprus,Tomatoes,15500,7.37846E-05
Cyprus,"Walnuts, in shell",130,6.18839E-07
Cyprus,Wheat,33010,0.000157137
Czechia,Apples,131350,0.000625265
Czechia,Apricots,1530,7.28326E-06
Czechia,Cherries,1840,8.75895E-06
Czechia,Grapes,91760,0.000436805
Czechia,Potatoes,655260,0.003119234
Czechia,Raspberries,50,2.38015E-07
Czechia,Strawberries,1830,8.71135E-06
Czechia,Tomatoes,13460,6.40736E-05
Czechia,"Walnuts, in shell",120,5.71236E-07
Czechia,Wheat,5188690,0.02469972
Democratic People's Republic of Korea,Apples,801532.61,0.003815536
Democratic People's Republic of Korea,Potatoes,535093.21,0.002547204
Democratic People's Republic of Korea,Rice,2061443,0.009813087
Democratic People's Republic of Korea,Tomatoes,66383.49,0.000316005
Democratic People's Republic of Korea,Wheat,69538.05,0.000331022
Democratic Republic of the Congo,Bananas,808443,0.003848431
Democratic Republic of the Congo,Oranges,165190.72,0.000786357
Democratic Republic of the Congo,Potatoes,106743,0.000508129
Democratic Republic of the Congo,Rice,1692323,0.008055965
Democratic Republic of the Congo,Tomatoes,50778.41,0.00024172
Democratic Republic of the Congo,Wheat,9000,4.28427E-05
Denmark,Apples,41030,0.000195315
Denmark,Blueberries,110,5.23633E-07
Denmark,Cherries,700,3.33221E-06
Denmark,Potatoes,2617600,0.012460561
Denmark,Raspberries,390,1.85652E-06
Denmark,Strawberries,5960,2.83714E-05
Denmark,Tomatoes,11390,5.42198E-05
Denmark,Wheat,4165400,0.019828553
Djibouti,Dates,131,6.23599E-07
Djibouti,Oranges,4.88,2.32303E-08
Djibouti,Tomatoes,1423.4,6.77581E-06
Dominica,Bananas,11524.46,5.48599E-05
Dominica,Oranges,4883.97,2.32492E-05
Dominica,Potatoes,149.15,7.09999E-07
Dominica,Tomatoes,418.11,1.99033E-06
Dominican Republic,Bananas,1397441.99,0.006652243
Dominican Republic,Oranges,100009.03,0.000476073
Dominican Republic,Potatoes,92425.03,0.000439971
Dominican Republic,Rice,1149000,0.005469585
Dominican Republic,Tomatoes,47115.34,0.000224283
Ecuador,Apples,7209.93,3.43214E-05
Ecuador,Apricots,359.4,1.71085E-06
Ecuador,Bananas,6078788.71,0.028936857
Ecuador,Grapes,551.26,2.62416E-06
Ecuador,Oranges,205539,0.000978427
Ecuador,Potatoes,251433.39,0.001196898
Ecuador,Rice,1252800,0.005963704
Ecuador,Strawberries,1448.07,6.89325E-06
Ecuador,Tomatoes,52228.95,0.000248625
Ecuador,Wheat,7431,3.53738E-05
Egypt,Apples,934413.72,0.004448089
Egypt,Apricots,71978.88,0.000342641
Egypt,Bananas,1213697.51,0.005777564
Egypt,Dates,1733432.48,0.008251658
Egypt,Grapes,1571989.01,0.007483139
Egypt,Olives,1137075.56,0.005412821
Egypt,Oranges,3392819.14,0.016150836
Egypt,Potatoes,6155466.58,0.029301867
Egypt,Rice,5800000,0.027609739
Egypt,Strawberries,637842.16,0.00303632
Egypt,Tomatoes,6275443.91,0.029872995
Egypt,"Walnuts, in shell",24187.31,0.000115139
Egypt,Wheat,9700000,0.046174909
El Salvador,Apples,44407.05,0.000211391
El Salvador,Bananas,13989.23,6.65929E-05
El Salvador,Olives,11223.93,5.34293E-05
El Salvador,Oranges,62733.63,0.000298631
El Salvador,Potatoes,7857.21,3.74027E-05
El Salvador,Rice,23000,0.000109487
El Salvador,Tomatoes,21853.56,0.000104029
Equatorial Guinea,Bananas,30865.47,0.000146929
Eritrea,Potatoes,58.55,2.78716E-07
Eritrea,Wheat,25000,0.000119007
Estonia,Apples,3290,1.56614E-05
Estonia,Potatoes,72620,0.000345693
Estonia,Raspberries,100,4.7603E-07
Estonia,Strawberries,1700,8.09251E-06
Estonia,Tomatoes,100,4.7603E-07
Estonia,Wheat,854120,0.004065867
Eswatini,"Almonds, in shell",1054.29,5.01874E-06
Eswatini,Bananas,17956.92,8.54803E-05
Eswatini,Dates,309.97,1.47555E-06
Eswatini,Oranges,45961.67,0.000218791
Eswatini,Potatoes,8467.74,4.0309E-05
Eswatini,Rice,1000,4.7603E-06
Eswatini,Tomatoes,5576.02,2.65435E-05
Eswatini,Wheat,693.73,3.30236E-06
Ethiopia,Bananas,1096005.28,0.005217314
Ethiopia,Grapes,4844.36,2.30606E-05
Ethiopia,Oranges,25165.98,0.000119798
Ethiopia,Potatoes,1294303.98,0.006161275
Ethiopia,Rice,208000,0.000990142
Ethiopia,Tomatoes,35344.53,0.000168251
Ethiopia,Wheat,7000000,0.033322099
Faroe Islands,Potatoes,1539.44,7.3282E-06
Fiji,Bananas,10097.31,4.80662E-05
Fiji,Oranges,2328,1.1082E-05
Fiji,Rice,12990.97,6.18409E-05
Fiji,Tomatoes,2366.86,1.1267E-05
Finland,Apples,7010,3.33697E-05
Finland,Blueberries,180,8.56854E-07
Finland,Potatoes,561700,0.00267386
Finland,Raspberries,1470,6.99764E-06
Finland,Strawberries,16040,7.63552E-05
Finland,Tomatoes,34070,0.000162183
Finland,Wheat,864180,0.004113756
France,"Almonds, in shell",2520,1.1996E-05
France,Apples,1785660,0.008500277
France,Apricots,128080,0.000609699
France,Bananas,225530,0.00107359
France,Blueberries,7611,3.62306E-05
France,Cherries,34990,0.000166563
France,Grapes,6199950,0.029513621
France,"Hazelnuts, in shell",9960,4.74126E-05
France,Olives,21930,0.000104393
France,Oranges,9760,4.64605E-05
France,Potatoes,8067380,0.038403148
France,Raspberries,5970,2.8419E-05
France,Rice,64480,0.000306944
France,Strawberries,78490,0.000373636
France,Tomatoes,711040,0.003384764
France,"Walnuts, in shell",49680,0.000236492
France,Wheat,34632380,0.164860514
French Polynesia,Bananas,210.86,1.00376E-06
French Polynesia,Oranges,479.24,2.28133E-06
French Polynesia,Potatoes,540.48,2.57285E-06
French Polynesia,Tomatoes,1424.37,6.78043E-06
Gabon,Bananas,18282.09,8.70282E-05
Gabon,Rice,1730.12,8.23589E-06
Gabon,Tomatoes,365.57,1.74022E-06
Gambia,Rice,44597,0.000212295
Georgia,"Almonds, in shell",946.42,4.50524E-06
Georgia,Apples,76700,0.000365115
Georgia,Apricots,2600,1.23768E-05
Georgia,Cherries,7100,3.37981E-05
Georgia,Grapes,287300,0.001367634
Georgia,"Hazelnuts, in shell",33400,0.000158994
Georgia,Oranges,1200,5.71236E-06
Georgia,Potatoes,198900,0.000946824
Georgia,Raspberries,1200,5.71236E-06
Georgia,Strawberries,1300,6.18839E-06
Georgia,Tomatoes,44500,0.000211833
Georgia,"Walnuts, in shell",8800,4.18906E-05
Georgia,Wheat,156800,0.000746415
Germany,Apples,1070980,0.005098186
Germany,Blueberries,15370,7.31658E-05
Germany,Cherries,38470,0.000183129
Germany,Grapes,1223320,0.00582337
Germany,Potatoes,10683400,0.050856188
Germany,Raspberries,6770,3.22272E-05
Germany,Strawberries,133140,0.000633786
Germany,Tomatoes,102180,0.000486407
Germany,Wheat,22587300,0.107522321
Ghana,Bananas,109873.86,0.000523033
Ghana,Oranges,696925.12,0.003317573
Ghana,Rice,1283000,0.006107465
Ghana,Tomatoes,382246.58,0.001819608
Greece,"Almonds, in shell",39570,0.000188365
Greece,Apples,289180,0.001376584
Greece,Apricots,112230,0.000534248
Greece,Bananas,4700,2.23734E-05
Greece,Cherries,85050,0.000404864
Greece,Grapes,815980,0.003884309
Greece,"Hazelnuts, in shell",1850,8.80655E-06
Greece,Oranges,873670,0.004158931
Greece,Potatoes,391940,0.001865752
Greece,Rice,214750,0.001022274
Greece,Strawberries,99640,0.000474316
Greece,Tomatoes,752510,0.003582173
Greece,"Walnuts, in shell",60680,0.000288855
Greece,Wheat,1203260,0.005727878
Grenada,Apples,472.82,2.25076E-06
Grenada,Bananas,2558,1.21768E-05
Grenada,Oranges,556.75,2.6503E-06
Grenada,Tomatoes,679,3.23224E-06
Guatemala,Apples,26043.11,0.000123973
Guatemala,Bananas,4762666.77,0.022671722
Guatemala,Grapes,19945.7,9.49475E-05
Guatemala,Oranges,168036.23,0.000799903
Guatemala,Potatoes,585480.9,0.002787065
Guatemala,Rice,32000,0.00015233
Guatemala,Strawberries,13977.49,6.6537E-05
Guatemala,Tomatoes,400115.26,0.001904669
Guatemala,Wheat,254.1,1.20959E-06
Guinea,Bananas,229998.67,0.001094863
Guinea,Oranges,144460.19,0.000687674
Guinea,Potatoes,457632.43,0.002178468
Guinea,Rice,2523304.99,0.012011688
Guinea-Bissau,Bananas,8392.38,3.99502E-05
Guinea-Bissau,Oranges,7026.48,3.34482E-05
Guinea-Bissau,Rice,224000,0.001066307
Guyana,Bananas,18687,8.89557E-05
Guyana,Cherries,2323.05,1.10584E-05
Guyana,Oranges,23338.47,0.000111098
Guyana,Rice,929600,0.004425175
Guyana,Tomatoes,26256,0.000124986
Haiti,Bananas,240356.93,0.001144171
Haiti,Oranges,76892.79,0.000366033
Haiti,Potatoes,35039.75,0.0001668
Haiti,Rice,140000,0.000666442
Haiti,Tomatoes,2358.57,1.12275E-05
Honduras,Apples,191.24,9.1036E-07
Honduras,Bananas,559262.55,0.002662257
Honduras,Grapes,186.39,8.87272E-07
Honduras,Oranges,242722.64,0.001155433
Honduras,Potatoes,26804.49,0.000127597
Honduras,Rice,51129.16,0.00024339
Honduras,Tomatoes,74764.97,0.000355904
Honduras,Wheat,1274.29,6.066E-06
Hungary,"Almonds, in shell",410,1.95172E-06
Hungary,Apples,350100,0.001666581
Hungary,Apricots,24110,0.000114771
Hungary,Blueberries,60,2.85618E-07
Hungary,Cherries,11610,5.52671E-05
Hungary,Grapes,414550,0.001973382
Hungary,"Hazelnuts, in shell",270,1.28528E-06
Hungary,Potatoes,199210,0.000948299
Hungary,Raspberries,580,2.76097E-06
Hungary,Rice,10150,4.8317E-05
Hungary,Strawberries,5080,2.41823E-05
Hungary,Tomatoes,137860,0.000656255
Hungary,"Walnuts, in shell",6450,3.07039E-05
Hungary,Wheat,4354710,0.020729725
Iceland,Potatoes,7200,3.42742E-05
Iceland,Tomatoes,1461,6.9548E-06
India,Apples,2589000,0.012324416
India,Apricots,14873.57,7.08027E-05
India,Bananas,34528000,0.164363634
India,Cherries,10934.45,5.20513E-05
India,Grapes,3401000,0.01618978
India,Oranges,10198000,0.048545538
India,Potatoes,56176000,0.267414605
India,Rice,196245700,0.934188378
India,Tomatoes,20694000,0.098509645
India,Wheat,107742070,0.512884561
Indonesia,Bananas,9245427.05,0.044011005
Indonesia,Oranges,2684978.1,0.012781301
Indonesia,Potatoes,1503998.26,0.007159483
Indonesia,Rice,54748977.08,0.260621548
Indonesia,Tomatoes,1168743.69,0.00556357
Iran (Islamic Republic of),"Almonds, in shell",88560.71,0.000421576
Iran (Islamic Republic of),Apples,1989734.04,0.009471731
Iran (Islamic Republic of),Apricots,305932.21,0.001456329
Iran (Islamic Republic of),Bananas,132277.93,0.000629683
Iran (Islamic Republic of),Cherries,105389.53,0.000501686
Iran (Islamic Republic of),Dates,1030459.72,0.004905297
Iran (Islamic Republic of),Grapes,1417944.06,0.006749839
Iran (Islamic Republic of),"Hazelnuts, in shell",13406.46,6.38188E-05
Iran (Islamic Republic of),Olives,114599.87,0.00054553
Iran (Islamic Republic of),Oranges,2321124.11,0.011049247
Iran (Islamic Republic of),"Pistachios, in shell",241668.58,0.001150415
Iran (Islamic Republic of),Potatoes,2600000,0.01237678
Iran (Islamic Republic of),Rice,1500000,0.00714045
Iran (Islamic Republic of),Strawberries,63605.75,0.000302782
Iran (Islamic Republic of),Tomatoes,3400000,0.01618502
Iran (Islamic Republic of),"Walnuts, in shell",355039.94,0.001690097
Iran (Islamic Republic of),Wheat,10000000,0.047602999
Iraq,"Almonds, in shell",433.62,2.06416E-06
Iraq,Apples,77799.79,0.00037035
Iraq,Apricots,31151.49,0.00014829
Iraq,Dates,715293.32,0.003405011
Iraq,Grapes,384984.15,0.00183264
Iraq,Olives,31511.37,0.000150004
Iraq,Oranges,175057.73,0.000833327
Iraq,"Pistachios, in shell",2217.37,1.05553E-05
Iraq,Potatoes,270591,0.001288094
Iraq,Rice,11637,5.53956E-05
Iraq,Strawberries,25,1.19007E-07
Iraq,Tomatoes,630160,0.002999751
Iraq,"Walnuts, in shell",1470.78,7.00135E-06
Iraq,Wheat,2764692,0.013160763
Ireland,Apples,23200,0.000110439
Ireland,Potatoes,367950,0.001751552
Ireland,Raspberries,480,2.28494E-06
Ireland,Strawberries,7200,3.42742E-05
Ireland,Tomatoes,3690,1.75655E-05
Ireland,Wheat,701240,0.003338113
Israel,"Almonds, in shell",10803,5.14255E-05
Israel,Apples,104000,0.000495071
Israel,Apricots,6500,3.09419E-05
Israel,Bananas,183000,0.000871135
Israel,Cherries,4001,1.9046E-05
Israel,Dates,62717,0.000298552
Israel,Grapes,65030,0.000309562
Israel,Olives,138000,0.000656921
Israel,Oranges,111893,0.000532644
Israel,Potatoes,487753,0.002321851
Israel,Strawberries,31338,0.000149178
Israel,Tomatoes,289693,0.001379026
Israel,Wheat,104500,0.000497451
Italy,"Almonds, in shell",74590,0.000355071
Italy,Apples,2256240,0.010740379
Italy,Apricots,230080,0.00109525
Italy,Blueberries,9250,4.40328E-05
Italy,Cherries,107910,0.000513684
Italy,Grapes,8437970,0.040167267
Italy,"Hazelnuts, in shell",98670,0.000469699
Italy,Olives,2160400,0.010284152
Italy,Oranges,1783110,0.008488138
Italy,Potatoes,1332980,0.006345385
Italy,Raspberries,2590,1.23292E-05
Italy,Rice,1236960,0.005888301
Italy,Strawberries,100680,0.000479267
Italy,Tomatoes,6136380,0.029211009
Italy,"Walnuts, in shell",21870,0.000104108
Italy,Wheat,6609520,0.031463297
Jamaica,Bananas,72848,0.000346778
Jamaica,Oranges,74153,0.000352991
Jamaica,Potatoes,18669,8.887E-05
Jamaica,Tomatoes,29722,0.000141486
Japan,Apples,737100,0.003508817
Japan,Apricots,96600,0.000459845
Japan,Bananas,18.26,8.69231E-08
Japan,Cherries,16100,7.66408E-05
Japan,Grapes,162600,0.000774025
Japan,Oranges,28075.75,0.000133649
Japan,Potatoes,2106363.1,0.01002692
Japan,Rice,10363900,0.049335272
Japan,Strawberries,164431.19,0.000782742
Japan,Tomatoes,707900,0.003369816
Japan,Wheat,993500,0.004729358
Jordan,"Almonds, in shell",1768.93,8.42064E-06
Jordan,Apples,16157.3,7.69136E-05
Jordan,Apricots,18792.96,8.94601E-05
Jordan,Bananas,42829.24,0.00020388
Jordan,Cherries,1063.27,5.06148E-06
Jordan,Dates,30000,0.000142809
Jordan,Grapes,42182.72,0.000200802
Jordan,Olives,167371.95,0.000796741
Jordan,Oranges,46876.64,0.000223147
Jordan,"Pistachios, in shell",576.78,2.74565E-06
Jordan,Potatoes,196602.22,0.000935886
Jordan,Strawberries,5959.42,2.83686E-05
Jordan,Tomatoes,715722.3,0.003407053
Jordan,"Walnuts, in shell",10.05,4.7841E-08
Jordan,Wheat,30000,0.000142809
Kazakhstan,"Almonds, in shell",104.27,4.96356E-07
Kazakhstan,Apples,267919.41,0.001275377
Kazakhstan,Apricots,24207.72,0.000115236
Kazakhstan,Cherries,337,1.60422E-06
Kazakhstan,Grapes,82727.49,0.000393808
Kazakhstan,Potatoes,4080472.75,0.019424274
Kazakhstan,Rice,431391,0.002053551
Kazakhstan,Strawberries,8106.16,3.85878E-05
Kazakhstan,Tomatoes,801293.15,0.003814396
Kazakhstan,"Walnuts, in shell",3093.38,1.47254E-05
Kazakhstan,Wheat,16404491.25,0.078090297
Kenya,Apples,2000,9.5206E-06
Kenya,Apricots,75.95,3.61545E-07
Kenya,Bananas,1902000,0.00905409
Kenya,Dates,1118.18,5.32287E-06
Kenya,Oranges,130319.09,0.000620358
Kenya,Potatoes,1754000,0.008349566
Kenya,Rice,192299,0.000915401
Kenya,Strawberries,489.15,2.3285E-06
Kenya,Tomatoes,658000,0.003132277
Kenya,Wheat,270700,0.001288613
Kiribati,Bananas,7540.87,3.58968E-05
Kuwait,Dates,103111.98,0.000490844
Kuwait,Grapes,204.59,9.7391E-07
Kuwait,Olives,664.58,3.1636E-06
Kuwait,Oranges,255.93,1.2183E-06
Kuwait,Potatoes,35158.56,0.000167365
Kuwait,Strawberries,400.98,1.90879E-06
Kuwait,Tomatoes,106676.77,0.000507813
Kuwait,Wheat,37.47,1.78368E-07
Kyrgyzstan,"Almonds, in shell",1746.19,8.31239E-06
Kyrgyzstan,Apples,137101.98,0.000652647
Kyrgyzstan,Apricots,26067.38,0.000124089
Kyrgyzstan,Cherries,4640.83,2.20917E-05
Kyrgyzstan,Grapes,7331,3.48978E-05
Kyrgyzstan,"Hazelnuts, in shell",4235.64,2.01629E-05
Kyrgyzstan,"Pistachios, in shell",936.32,4.45716E-06
Kyrgyzstan,Potatoes,1257012,0.005983754
Kyrgyzstan,Raspberries,2604.93,1.24002E-05
Kyrgyzstan,Rice,44248,0.000210634
Kyrgyzstan,Strawberries,2121.29,1.0098E-05
Kyrgyzstan,Tomatoes,247474,0.00117805
Kyrgyzstan,"Walnuts, in shell",6233.7,2.96743E-05
Kyrgyzstan,Wheat,592507,0.002820511
Lao People's Democratic Republic,Bananas,737470,0.003510578
Lao People's Democratic Republic,Oranges,42375.91,0.000201722
Lao People's Democratic Republic,Potatoes,3957.42,1.88385E-05
Lao People's Democratic Republic,Rice,3594800,0.017112326
Latvia,Apples,10040,4.77934E-05
Latvia,Blueberries,420,1.99933E-06
Latvia,Potatoes,130400,0.000620743
Latvia,Raspberries,220,1.04727E-06
Latvia,Strawberries,1230,5.85517E-06
Latvia,Tomatoes,4810,2.2897E-05
Latvia,Wheat,2539400,0.012088305
Lebanon,"Almonds, in shell",31862.99,0.000151677
Lebanon,Apples,248208.75,0.001181548
Lebanon,Apricots,32638.56,0.000155369
Lebanon,Bananas,81658.6,0.000388719
Lebanon,Cherries,28313.95,0.000134783
Lebanon,Grapes,56006.27,0.000266607
Lebanon,Olives,138892.9,0.000661172
Lebanon,Oranges,160204.1,0.00076262
Lebanon,Potatoes,676469.77,0.003220199
Lebanon,Strawberries,1930.99,9.19209E-06
Lebanon,Tomatoes,272489.88,0.001297134
Lebanon,"Walnuts, in shell",3073.7,1.46317E-05
Lebanon,Wheat,100000,0.00047603
Lesotho,Potatoes,129488.16,0.000616402
Lesotho,Wheat,5704,2.71528E-05
Liberia,Bananas,142303.39,0.000677407
Liberia,Oranges,7794.73,3.71053E-05
Liberia,Rice,288000,0.001370966
Liberia,Tomatoes,3566.32,1.69768E-05
Libya,"Almonds, in shell",37250.37,0.000177323
Libya,Apples,10085.26,4.80089E-05
Libya,Apricots,28189.47,0.00013419
Libya,Dates,187870.08,0.000894318
Libya,Grapes,24878.11,0.000118427
Libya,Olives,143409.84,0.000682674
Libya,Oranges,53232.47,0.000253403
Libya,Potatoes,321044.31,0.001528267
Libya,Tomatoes,224645.8,0.001069381
Libya,Wheat,130000,0.000618839
Lithuania,Apples,51420,0.000244775
Lithuania,Blueberries,650,3.09419E-06
Lithuania,Cherries,20,9.5206E-08
Lithuania,"Hazelnuts, in shell",40,1.90412E-07
Lithuania,Potatoes,226420,0.001077827
Lithuania,Raspberries,1240,5.90277E-06
Lithuania,Strawberries,2410,1.14723E-05
Lithuania,Tomatoes,18550,8.83036E-05
Lithuania,"Walnuts, in shell",130,6.18839E-07
Lithuania,Wheat,4482760,0.021339282
Luxembourg,Apples,1380,6.56921E-06
Luxembourg,Cherries,20,9.5206E-08
Luxembourg,Grapes,11810,5.62191E-05
Luxembourg,Potatoes,14610,6.9548E-05
Luxembourg,Strawberries,10,4.7603E-08
Luxembourg,Tomatoes,30,1.42809E-07
Luxembourg,"Walnuts, in shell",30,1.42809E-07
Luxembourg,Wheat,85890,0.000408862
Madagascar,Apples,7164.79,3.41065E-05
Madagascar,Apricots,1484.93,7.06871E-06
Madagascar,Bananas,388459.63,0.001849184
Madagascar,Grapes,13582.32,6.46559E-05
Madagascar,Oranges,83854.5,0.000399173
Madagascar,"Pistachios, in shell",6469.21,3.07954E-05
Madagascar,Potatoes,252408.36,0.001201539
Madagascar,Rice,4585000,0.021825975
Madagascar,Tomatoes,40953.18,0.000194949
Madagascar,Wheat,2000,9.5206E-06
Malawi,Apples,3161.6,1.50502E-05
Malawi,Bananas,420705.99,0.002002687
Malawi,Grapes,211.07,1.00476E-06
Malawi,Oranges,69058.61,0.00032874
Malawi,Potatoes,1465201.62,0.006974799
Malawi,Rice,147000,0.000699764
Malawi,Strawberries,131.24,6.24742E-07
Malawi,Tomatoes,732158.77,0.003485295
Malawi,Wheat,1000,4.7603E-06
Malaysia,Bananas,329572.65,0.001568865
Malaysia,Oranges,14878.86,7.08278E-05
Malaysia,Rice,2364453,0.011255505
Malaysia,Tomatoes,194305.22,0.000924951
Maldives,Bananas,217.31,1.03446E-06
Maldives,Tomatoes,228.95,1.08987E-06
Mali,Bananas,524896,0.002498662
Mali,Dates,702.88,3.34592E-06
Mali,Oranges,402108,0.001914155
Mali,Potatoes,285310,0.001358161
Mali,Rice,2864723,0.01363694
Mali,Tomatoes,238447,0.001135079
Mali,Wheat,33542,0.00015967
Malta,Apples,10,4.7603E-08
Malta,Apricots,30,1.42809E-07
Malta,Grapes,3600,1.71371E-05
Malta,Olives,20,9.5206E-08
Malta,Oranges,640,3.04659E-06
Malta,Potatoes,7120,3.38933E-05
Malta,Strawberries,1150,5.47434E-06
Malta,Tomatoes,7310,3.47978E-05
Mauritania,Dates,22145.59,0.00010542
Mauritania,Potatoes,2232.67,1.06282E-05
Mauritania,Rice,403000,0.001918401
Mauritania,Wheat,5000,2.38015E-05
Mauritius,Bananas,9829,4.6789E-05
Mauritius,"Pistachios, in shell",4.82,2.29446E-08
Mauritius,Potatoes,14495,6.90005E-05
Mauritius,Tomatoes,14269,6.79247E-05
Mexico,"Almonds, in shell",47.79,2.27495E-07
Mexico,Apples,817805.96,0.003893002
Mexico,Apricots,1082.51,5.15307E-06
Mexico,Bananas,2600601.48,0.012379643
Mexico,Blueberries,67304.53,0.00032039
Mexico,Cherries,188.15,8.9565E-07
Mexico,Dates,19720.18,9.3874E-05
Mexico,Grapes,457752.35,0.002179038
Mexico,Olives,34162.53,0.000162624
Mexico,Oranges,4850083.04,0.02308785
Mexico,"Pistachios, in shell",108,5.14112E-07
Mexico,Potatoes,1870128.98,0.008902375
Mexico,Raspberries,173741.71,0.000827063
Mexico,Rice,246988.64,0.00117574
Mexico,Strawberries,568271.93,0.002705145
Mexico,Tomatoes,4207889.22,0.020030814
Mexico,"Walnuts, in shell",176892.92,0.000842063
Mexico,Wheat,3578244.4,0.017033516
Micronesia (Federated States of),Bananas,2039.53,9.70877E-06
Micronesia (Federated States of),Rice,178.3,8.48761E-07
Mongolia,"Hazelnuts, in shell",337.16,1.60498E-06
Mongolia,Potatoes,214005.37,0.00101873
Mongolia,Tomatoes,2195.91,1.04532E-05
Mongolia,Wheat,401903.45,0.001913181
Montenegro,Apples,1534.81,7.30616E-06
Montenegro,Cherries,2091.48,9.95607E-06
Montenegro,Grapes,18454.81,8.78504E-05
Montenegro,Olives,351.53,1.67339E-06
Montenegro,Oranges,9273.97,4.41469E-05
Montenegro,Potatoes,24579.24,0.000117005
Montenegro,Raspberries,500,2.38015E-06
Montenegro,Tomatoes,2286.51,1.08845E-05
Montenegro,"Walnuts, in shell",723.17,3.44251E-06
Montenegro,Wheat,2248.22,1.07022E-05
Morocco,"Almonds, in shell",175763,0.000836685
Morocco,Apples,922820.04,0.0043929
Morocco,Apricots,68000.5,0.000323703
Morocco,Bananas,334537,0.001592496
Morocco,Blueberries,30250,0.000143999
Morocco,Cherries,15915.18,7.5761E-05
Morocco,Dates,137393.77,0.000654036
Morocco,Grapes,319998.15,0.001523287
Morocco,Olives,1968110.94,0.009368798
Morocco,Oranges,1248308.38,0.005942322
Morocco,"Pistachios, in shell",46.22,2.20021E-07
Morocco,Potatoes,1768362,0.008417933
Morocco,Raspberries,45039.48,0.000214401
Morocco,Rice,49110,0.000233778
Morocco,Strawberries,132296.55,0.000629771
Morocco,Tomatoes,1388542,0.006609876
Morocco,"Walnuts, in shell",12736,6.06272E-05
Morocco,Wheat,2707652.17,0.012889236
Mozambique,Bananas,466534,0.002220842
Mozambique,Oranges,67000,0.00031894
Mozambique,Potatoes,72890,0.000346978
Mozambique,Rice,365000,0.001737509
Mozambique,Tomatoes,1599051,0.007611962
Mozambique,Wheat,16000,7.61648E-05
Myanmar,Potatoes,426129.43,0.002028504
Myanmar,Rice,24680200,0.117485153
Myanmar,Wheat,100000,0.00047603
Namibia,Dates,1773.94,8.44449E-06
Namibia,Grapes,37927.67,0.000180547
Namibia,Oranges,2019.06,9.61133E-06
Namibia,Potatoes,14283.79,6.79951E-05
Namibia,Tomatoes,8666.44,4.12549E-05
Namibia,Wheat,24696,0.00011756
Nauru,Tomatoes,0.47,2.23734E-09
Nepal,"Almonds, in shell",8.22,3.91297E-08
Nepal,Apples,49989,0.000237963
Nepal,Apricots,2226,1.05964E-05
Nepal,Bananas,317534,0.001511557
Nepal,Oranges,48905,0.000232802
Nepal,Potatoes,3410829,0.016236569
Nepal,Rice,5486500,0.026117385
Nepal,"Walnuts, in shell",10237,4.87312E-05
Nepal,Wheat,2144568,0.010208787
Netherlands (Kingdom of the),Apples,236000,0.001123431
Netherlands (Kingdom of the),Blueberries,8100,3.85584E-05
Netherlands (Kingdom of the),Cherries,8200,3.90345E-05
Netherlands (Kingdom of the),Grapes,2100,9.99663E-06
Netherlands (Kingdom of the),Potatoes,6915900,0.032921758
Netherlands (Kingdom of the),Raspberries,3000,1.42809E-05
Netherlands (Kingdom of the),Strawberries,87080,0.000414527
Netherlands (Kingdom of the),Tomatoes,770000,0.003665431
Netherlands (Kingdom of the),Wheat,1162860,0.005535562
New Caledonia,Bananas,1879.1,8.94508E-06
New Caledonia,Oranges,943.8,4.49277E-06
New Caledonia,Potatoes,357.81,1.70328E-06
New Caledonia,Wheat,5,2.38015E-08
New Zealand,Apples,575552.59,0.002739803
New Zealand,Apricots,1945.57,9.2615E-06
New Zealand,Blueberries,3809.74,1.81355E-05
New Zealand,Cherries,3663.04,1.74372E-05
New Zealand,Grapes,532000,0.00253248
New Zealand,Oranges,7996.17,3.80642E-05
New Zealand,Potatoes,428450.58,0.002039553
New Zealand,Raspberries,18.82,8.95888E-08
New Zealand,Strawberries,2453.24,1.16782E-05
New Zealand,Tomatoes,41877.88,0.000199351
New Zealand,"Walnuts, in shell",619.5,2.94901E-06
New Zealand,Wheat,402557,0.001916292
Nicaragua,Bananas,89584.94,0.000426451
Nicaragua,Oranges,109028.85,0.00051901
Nicaragua,Potatoes,56416.18,0.000268558
Nicaragua,Rice,504391.33,0.002401054
Nicaragua,Tomatoes,74227.48,0.000353345
Niger,Dates,16523.18,7.86553E-05
Niger,Potatoes,396718.91,0.001888501
Niger,Rice,144000,0.000685483
Niger,Tomatoes,360441.51,0.00171581
Niger,Wheat,5476.21,2.60684E-05
Nigeria,Bananas,8019203.34,0.038173813
Nigeria,Potatoes,1216408.73,0.00579047
Nigeria,Rice,8502000,0.040472069
Nigeria,Tomatoes,3684566.41,0.017539641
Nigeria,Wheat,110000,0.000523633
Niue,Bananas,82.03,3.90487E-07
North Macedonia,"Almonds, in shell",801,3.813E-06
North Macedonia,Apples,164530,0.000783212
North Macedonia,Apricots,5312,2.52867E-05
North Macedonia,Cherries,5768,2.74574E-05
North Macedonia,Grapes,265556,0.001264126
North Macedonia,Olives,11866.32,5.64872E-05
North Macedonia,Potatoes,196886,0.000937236
North Macedonia,Raspberries,382,1.81843E-06
North Macedonia,Rice,18981,9.03553E-05
North Macedonia,Strawberries,6017,2.86427E-05
North Macedonia,Tomatoes,151187,0.000719695
North Macedonia,"Walnuts, in shell",6165,2.93472E-05
North Macedonia,Wheat,224632,0.001069316
Norway,Apples,17077,8.12916E-05
Norway,Blueberries,38,1.80891E-07
Norway,Cherries,1125,5.35534E-06
Norway,Potatoes,376400,0.001791777
Norway,Raspberries,1903,9.05885E-06
Norway,Strawberries,7052,3.35696E-05
Norway,Tomatoes,13562,6.45592E-05
Norway,Wheat,384000,0.001827955
Oman,Bananas,18427,8.7718E-05
Oman,Dates,376980,0.001794538
Oman,Potatoes,12861,6.12222E-05
Oman,Tomatoes,302029,0.001437749
Oman,Wheat,3547,1.68848E-05
Pakistan,"Almonds, in shell",17277.9,8.2248E-05
Pakistan,Apples,758298.43,0.003609728
Pakistan,Apricots,174546.28,0.000830893
Pakistan,Bananas,215570,0.001026178
Pakistan,Cherries,2761.73,1.31467E-05
Pakistan,Dates,732935.96,0.003488995
Pakistan,Grapes,108537.73,0.000516672
Pakistan,Oranges,1605293.53,0.007641679
Pakistan,"Pistachios, in shell",311.67,1.48364E-06
Pakistan,Potatoes,7936884,0.037781948
Pakistan,Rice,10983081,0.052282759
Pakistan,Strawberries,1478,7.03572E-06
Pakistan,Tomatoes,792938,0.003774623
Pakistan,"Walnuts, in shell",15026,7.15283E-05
Pakistan,Wheat,26208672,0.124761138
Palestine,"Almonds, in shell",2842.75,1.35323E-05
Palestine,Apples,808.83,3.85027E-06
Palestine,Apricots,856.51,4.07724E-06
Palestine,Bananas,3379.41,1.6087E-05
Palestine,Cherries,1088.02,5.1793E-06
Palestine,Dates,25494.04,0.000121359
Palestine,Grapes,36194.14,0.000172295
Palestine,Olives,79760.84,0.000379686
Palestine,Oranges,5788.07,2.75529E-05
Palestine,Potatoes,66039.59,0.000314368
Palestine,Strawberries,6425.93,3.05894E-05
Palestine,Tomatoes,186847.16,0.000889449
Palestine,"Walnuts, in shell",327.55,1.55924E-06
Palestine,Wheat,32811.4,0.000156192
Panama,Bananas,397575.92,0.001892581
Panama,Oranges,264672.62,0.001259921
Panama,Potatoes,27001.15,0.000128534
Panama,Rice,390000,0.001856517
Panama,Tomatoes,25324.67,0.000120553
Papua New Guinea,Bananas,1227633.25,0.005843902
Papua New Guinea,Potatoes,1247.5,5.93847E-06
Papua New Guinea,Rice,886.58,4.22039E-06
Papua New Guinea,Tomatoes,547.79,2.60764E-06
Paraguay,Apples,674.93,3.21287E-06
Paraguay,Bananas,94318.99,0.000448987
Paraguay,Grapes,1930.47,9.18962E-06
Paraguay,Oranges,225768.48,0.001074726
Paraguay,Potatoes,4167.2,1.98371E-05
Paraguay,Rice,861500,0.004100998
Paraguay,Strawberries,3877.45,1.84578E-05
Paraguay,Tomatoes,64044.93,0.000304873
Paraguay,Wheat,744950,0.003546185
Peru,Apples,133021.63,0.000633223
Peru,Apricots,669.35,3.18631E-06
Peru,Bananas,2392584.29,0.011389419
Peru,Blueberries,292584,0.001392788
Peru,Cherries,2.64,1.25672E-08
Peru,Dates,481.01,2.28975E-06
Peru,Grapes,918897.57,0.004374228
Peru,Olives,226942.32,0.001080313
Peru,Oranges,591187.26,0.002814229
Peru,Potatoes,6021030.41,0.02866191
Peru,Rice,3449365.38,0.016420014
Peru,Strawberries,45812.33,0.00021808
Peru,Tomatoes,211339,0.001006037
Peru,"Walnuts, in shell",243.89,1.16099E-06
Peru,Wheat,211430.08,0.001006471
Philippines,Bananas,5899704.79,0.028084364
Philippines,Grapes,211.62,1.00737E-06
Philippines,Oranges,1521.84,7.24441E-06
Philippines,Potatoes,107416.19,0.000511333
Philippines,Rice,19756392.28,0.094046351
Philippines,Strawberries,3018.89,1.43708E-05
Philippines,Tomatoes,216608.97,0.001031124
Poland,Apples,4264700,0.020301251
Poland,Apricots,4600,2.18974E-05
Poland,Blueberries,64000,0.000304659
Poland,Cherries,76600,0.000364639
Poland,Grapes,5200,2.47536E-05
Poland,"Hazelnuts, in shell",9500,4.52228E-05
Poland,Potatoes,6030930,0.028709035
Poland,Raspberries,104900,0.000499355
Poland,Strawberries,199400,0.000949204
Poland,Tomatoes,787200,0.003747308
Poland,"Walnuts, in shell",10700,5.09352E-05
Poland,Wheat,13195120,0.062812728
Portugal,"Almonds, in shell",46220,0.000220021
Portugal,Apples,291190,0.001386152
Portugal,Apricots,4010,1.90888E-05
Portugal,Bananas,28460,0.000135478
Portugal,Blueberries,19050,9.06837E-05
Portugal,Cherries,24680,0.000117484
Portugal,Grapes,903510,0.004300979
Portugal,"Hazelnuts, in shell",420,1.99933E-06
Portugal,Olives,791660,0.003768539
Portugal,Oranges,378450,0.001801535
Portugal,Potatoes,319830,0.001522487
Portugal,Raspberries,29300,0.000139477
Portugal,Rice,155570,0.00074056
Portugal,Strawberries,18090,8.61138E-05
Portugal,Tomatoes,1406280,0.006694314
Portugal,"Walnuts, in shell",7130,3.39409E-05
Portugal,Wheat,61920,0.000294758
Puerto Rico,Bananas,102163.51,0.000486329
Puerto Rico,Oranges,11875.89,5.65328E-05
Puerto Rico,Rice,178.66,8.50475E-07
Puerto Rico,Tomatoes,19305.98,9.19023E-05
Qatar,Dates,30191.7,0.000143722
Qatar,Grapes,4.74,2.25638E-08
Qatar,Potatoes,503.07,2.39476E-06
Qatar,Tomatoes,44923.62,0.00021385
Qatar,Wheat,148.8,7.08333E-07
Republic of Korea,Apples,566041,0.002694525
Republic of Korea,Grapes,155084.2,0.000738247
Republic of Korea,Potatoes,586826.06,0.002793468
Republic of Korea,Rice,4998223,0.02379304
Republic of Korea,Strawberries,192889.29,0.000918211
Republic of Korea,Tomatoes,393133.29,0.001871432
Republic of Korea,"Walnuts, in shell",1156.4,5.50481E-06
Republic of Korea,Wheat,30798.64,0.000146611
Republic of Moldova,"Almonds, in shell",667.56,3.17779E-06
Republic of Moldova,Apples,447700,0.002131186
Republic of Moldova,Apricots,11800,5.61715E-05
Republic of Moldova,Cherries,11800,5.61715E-05
Republic of Moldova,Grapes,572972.39,0.00272752
Republic of Moldova,"Hazelnuts, in shell",352.75,1.6792E-06
Republic of Moldova,Potatoes,171800,0.00081782
Republic of Moldova,Raspberries,6900,3.28461E-05
Republic of Moldova,Strawberries,12300,5.85517E-05
Republic of Moldova,Tomatoes,47100,0.00022421
Republic of Moldova,"Walnuts, in shell",18800,8.94936E-05
Republic of Moldova,Wheat,855000,0.004070056
Romania,Apples,543380,0.002586652
Romania,Apricots,23500,0.000111867
Romania,Blueberries,3330,1.58518E-05
Romania,Cherries,34320,0.000163373
Romania,Grapes,804800,0.003831089
Romania,"Hazelnuts, in shell",910,4.33187E-06
Romania,Potatoes,1345780,0.006406316
Romania,Raspberries,170,8.09251E-07
Romania,Rice,16900,8.04491E-05
Romania,Strawberries,17600,8.37813E-05
Romania,Tomatoes,298920,0.001422949
Romania,"Walnuts, in shell",53400,0.0002542
Romania,Wheat,8684240,0.041339586
Russian Federation,Apples,2379900,0.011329038
Russian Federation,Apricots,84900,0.000404149
Russian Federation,Blueberries,4200,1.99933E-05
Russian Federation,Cherries,59400,0.000282762
Russian Federation,Grapes,889500.31,0.004234288
Russian Federation,Oranges,70.75,3.36791E-07
Russian Federation,Potatoes,18887678.75,0.089911014
Russian Federation,Raspberries,212300,0.001010612
Russian Federation,Rice,920094.51,0.004379926
Russian Federation,Strawberries,254800,0.001212924
Russian Federation,Tomatoes,2645662,0.012594144
Russian Federation,Wheat,104233944,0.496184829
Rwanda,Bananas,2208467.63,0.010512968
Rwanda,Oranges,3180.73,1.51412E-05
Rwanda,Potatoes,908007.15,0.004322386
Rwanda,Rice,135074.74,0.000642996
Rwanda,Tomatoes,81022.76,0.000385693
Rwanda,Wheat,13877.29,6.60601E-05
Saint Kitts and Nevis,Tomatoes,175,8.33052E-07
Saint Lucia,Bananas,7015,3.33935E-05
Saint Lucia,Oranges,241,1.14723E-06
Saint Lucia,Tomatoes,273,1.29956E-06
Saint Vincent and the Grenadines,Apples,1644.77,7.8296E-06
Saint Vincent and the Grenadines,Bananas,59380.97,0.000282671
Saint Vincent and the Grenadines,Oranges,708.5,3.37267E-06
Samoa,Bananas,21974.04,0.000104603
Sao Tome and Principe,Bananas,5885.16,2.80151E-05
Saudi Arabia,"Almonds, in shell",118,5.61715E-07
Saudi Arabia,Bananas,22400,0.000106631
Saudi Arabia,Dates,1610731,0.007667563
Saudi Arabia,Grapes,110500,0.000526013
Saudi Arabia,Olives,388200,0.001847948
Saudi Arabia,Potatoes,605000,0.002879981
Saudi Arabia,Rice,815,3.87964E-06
Saudi Arabia,Tomatoes,658540,0.003134848
Saudi Arabia,Wheat,800000,0.00380824
Senegal,Bananas,36000,0.000171371
Senegal,Oranges,58400,0.000278002
Senegal,Potatoes,140500,0.000668822
Senegal,Rice,1409120,0.006707834
Senegal,Tomatoes,151000,0.000718805
Serbia,Apples,486215,0.002314529
Serbia,Apricots,44386,0.000211291
Serbia,Cherries,22947,0.000109235
Serbia,Grapes,162481,0.000773458
Serbia,"Hazelnuts, in shell",9328,4.44041E-05
Serbia,Potatoes,523762,0.002493264
Serbia,Raspberries,116093,0.000552637
Serbia,Strawberries,32943,0.000156819
Serbia,Tomatoes,148131,0.000705148
Serbia,"Walnuts, in shell",11836,5.63429E-05
Serbia,Wheat,3109827,0.014803709
Seychelles,Bananas,1992.71,9.4859E-06
Seychelles,Oranges,45.02,2.14309E-07
Seychelles,Tomatoes,439.3,2.0912E-06
Sierra Leone,Rice,1397000,0.006650139
Sierra Leone,Tomatoes,20187.92,9.61006E-05
Singapore,Tomatoes,0.31,1.47569E-09
Slovakia,Apples,31070,0.000147903
Slovakia,Apricots,460,2.18974E-06
Slovakia,Blueberries,170,8.09251E-07
Slovakia,Cherries,680,3.237E-06
Slovakia,Grapes,44840,0.000213452
Slovakia,Potatoes,130630,0.000621838
Slovakia,Raspberries,30,1.42809E-07
Slovakia,Strawberries,1240,5.90277E-06
Slovakia,Tomatoes,17070,8.12583E-05
Slovakia,"Walnuts, in shell",140,6.66442E-07
Slovakia,Wheat,2048150,0.009749808
Slovenia,"Almonds, in shell",10,4.7603E-08
Slovenia,Apples,48840,0.000232493
Slovenia,Apricots,910,4.33187E-06
Slovenia,Blueberries,370,1.76131E-06
Slovenia,Cherries,1700,8.09251E-06
Slovenia,Grapes,81890,0.000389821
Slovenia,"Hazelnuts, in shell",240,1.14247E-06
Slovenia,Olives,2440,1.16151E-05
Slovenia,Potatoes,58230,0.000277192
Slovenia,Raspberries,160,7.61648E-07
Slovenia,Strawberries,2310,1.09963E-05
Slovenia,Tomatoes,10360,4.93167E-05
Slovenia,"Walnuts, in shell",1260,5.99798E-06
Slovenia,Wheat,150750,0.000717615
Solomon Islands,Bananas,318.93,1.5182E-06
Solomon Islands,Rice,2753.58,1.31079E-05
Somalia,Bananas,23610.48,0.000112393
Somalia,Dates,14259.59,6.78799E-05
Somalia,Oranges,11066.66,5.26806E-05
Somalia,Rice,1587.74,7.55812E-06
Somalia,Tomatoes,23778.22,0.000113191
Somalia,Wheat,1056.84,5.03088E-06
South Africa,Apples,1231866.87,0.005864056
South Africa,Apricots,29276,0.000139363
South Africa,Bananas,502069,0.002389999
South Africa,Cherries,1726,8.21628E-06
South Africa,Grapes,2064742.21,0.009828792
South Africa,Oranges,1747777.96,0.008319947
South Africa,Potatoes,2528946,0.012038541
South Africa,Rice,3081.66,1.46696E-05
South Africa,Strawberries,12863.11,6.12323E-05
South Africa,Tomatoes,464563,0.002211459
South Africa,Wheat,2088590,0.009942315
South Sudan,Rice,36515,0.000173822
Spain,"Almonds, in shell",245990,0.001170986
Spain,Apples,496350,0.002362775
Spain,Apricots,80870,0.000384965
Spain,Bananas,348870,0.001660726
Spain,Blueberries,70420,0.00033522
Spain,Cherries,116070,0.000552528
Spain,Grapes,5902040,0.02809548
Spain,"Hazelnuts, in shell",8040,3.82728E-05
Spain,Olives,3940070,0.018755915
Spain,Oranges,2817400,0.013411669
Spain,Potatoes,1881920,0.008958504
Spain,Raspberries,45420,0.000216213
Spain,Rice,350420,0.001668104
Spain,Strawberries,325880,0.001551287
Spain,Tomatoes,3651940,0.017384329
Spain,"Walnuts, in shell",16590,7.89734E-05
Spain,Wheat,6508800,0.03098384
Sri Lanka,Oranges,7607,3.62116E-05
Sri Lanka,Potatoes,47614,0.000226657
Sri Lanka,Rice,3392905,0.016151245
Sri Lanka,Tomatoes,88081,0.000419292
Sudan,Bananas,947228.64,0.004509092
Sudan,Dates,442667.08,0.002107228
Sudan,Oranges,178931.75,0.000851769
Sudan,Potatoes,520102.46,0.002475844
Sudan,Rice,33000,0.00015709
Sudan,Tomatoes,632659.87,0.003011651
Sudan,Wheat,476000,0.002265903
Suriname,Bananas,7947.09,3.78305E-05
Suriname,Cherries,1883.44,8.96574E-06
Suriname,Oranges,18302.34,8.71246E-05
Suriname,Rice,266203.87,0.00126721
Suriname,Tomatoes,107.5,5.11732E-07
Sweden,Apples,31540,0.00015014
Sweden,Blueberries,100,4.7603E-07
Sweden,Grapes,140,6.66442E-07
Sweden,Potatoes,852200,0.004056728
Sweden,Raspberries,440,2.09453E-06
Sweden,Strawberries,15670,7.45939E-05
Sweden,Tomatoes,17290,8.23056E-05
Sweden,Wheat,3228700,0.01536958
Switzerland,Apples,209029,0.000995041
Switzerland,Apricots,9445,4.4961E-05
Switzerland,Blueberries,706,3.36077E-06
Switzerland,Cherries,5609,2.67005E-05
Switzerland,Grapes,125701,0.000598374
Switzerland,Potatoes,390000,0.001856517
Switzerland,Raspberries,4533,2.15784E-05
Switzerland,Strawberries,8389,3.99342E-05
Switzerland,Tomatoes,36702,0.000174713
Switzerland,"Walnuts, in shell",2039,9.70625E-06
Switzerland,Wheat,487145,0.002318956
Syrian Arab Republic,"Almonds, in shell",31617,0.000150506
Syrian Arab Republic,Apples,331821,0.001579567
Syrian Arab Republic,Apricots,57779,0.000275045
Syrian Arab Republic,Bananas,197,9.37779E-07
Syrian Arab Republic,Cherries,71546,0.00034058
Syrian Arab Republic,Dates,2382,1.1339E-05
Syrian Arab Republic,Grapes,228590,0.001088157
Syrian Arab Republic,Olives,990948,0.00471721
Syrian Arab Republic,Oranges,301376,0.00143464
Syrian Arab Republic,"Pistachios, in shell",45467,0.000216437
Syrian Arab Republic,Potatoes,554740,0.002640729
Syrian Arab Republic,Tomatoes,650056,0.003094461
Syrian Arab Republic,"Walnuts, in shell",13310,6.33596E-05
Syrian Arab Republic,Wheat,1551605,0.007386105
Tajikistan,"Almonds, in shell",3200.09,1.52334E-05
Tajikistan,Apples,237616.08,0.001131124
Tajikistan,Apricots,31036.11,0.000147741
Tajikistan,Grapes,256789.89,0.001222397
Tajikistan,"Hazelnuts, in shell",996.21,4.74226E-06
Tajikistan,Oranges,1821.86,8.6726E-06
Tajikistan,Potatoes,903117.49,0.00429911
Tajikistan,Rice,110399.37,0.000525534
Tajikistan,Tomatoes,496806.01,0.002364946
Tajikistan,Wheat,840000,0.003998652
Thailand,Bananas,1288312.5,0.006132754
Thailand,Grapes,79714.47,0.000379465
Thailand,Oranges,503818.18,0.002398326
Thailand,Potatoes,110860,0.000527727
Thailand,Rice,34317028,0.163359344
Thailand,Tomatoes,137325,0.000653708
Thailand,Wheat,1321.18,6.28921E-06
Timor-Leste,Bananas,638.33,3.03864E-06
Timor-Leste,Oranges,1894.47,9.01825E-06
Timor-Leste,Potatoes,1072.51,5.10547E-06
Timor-Leste,Rice,76000,0.000361783
Timor-Leste,Tomatoes,584.08,2.7804E-06
Togo,Bananas,24357.57,0.000115949
Togo,Oranges,15297.82,7.28222E-05
Togo,Rice,169608,0.000807385
Togo,Tomatoes,5147.62,2.45042E-05
Tokelau,Bananas,15.98,7.60696E-08
Tonga,Bananas,867.41,4.12913E-06
Tonga,Oranges,892.15,4.2469E-06
Tonga,Tomatoes,852.78,4.05949E-06
Trinidad and Tobago,Bananas,3286.01,1.56424E-05
Trinidad and Tobago,Oranges,3957.96,1.88411E-05
Trinidad and Tobago,Rice,125,5.95037E-07
Trinidad and Tobago,Tomatoes,3343.38,1.59155E-05
Tunisia,"Almonds, in shell",70000,0.000333221
Tunisia,Apples,127000,0.000604558
Tunisia,Apricots,37000,0.000176131
Tunisia,Cherries,4418.67,2.10342E-05
Tunisia,Dates,369000,0.001756551
Tunisia,Grapes,166000,0.00079021
Tunisia,"Hazelnuts, in shell",46.17,2.19783E-07
Tunisia,Olives,1200000,0.00571236
Tunisia,Oranges,345000,0.001642303
Tunisia,"Pistachios, in shell",3190.15,1.51861E-05
Tunisia,Potatoes,400000,0.00190412
Tunisia,Strawberries,10078.18,4.79752E-05
Tunisia,Tomatoes,1160000,0.005521948
Tunisia,Wheat,1135000,0.00540294
Türkiye,"Almonds, in shell",190000,0.000904457
Türkiye,Apples,4817500,0.022932745
Türkiye,Apricots,803000,0.003822521
Türkiye,Bananas,997244,0.00474718
Türkiye,Cherries,656041,0.003122952
Türkiye,Dates,97560,0.000464415
Türkiye,Grapes,4165000,0.019826649
Türkiye,"Hazelnuts, in shell",765000,0.003641629
Türkiye,Olives,2976000,0.014166652
Türkiye,Oranges,1322000,0.006293116
Türkiye,"Pistachios, in shell",239289,0.001139087
Türkiye,Potatoes,5200000,0.024753559
Türkiye,Rice,950000,0.004522285
Türkiye,Strawberries,728112,0.003466031
Türkiye,Tomatoes,13000000,0.061883898
Türkiye,"Walnuts, in shell",335000,0.0015947
Türkiye,Wheat,19750000,0.094015922
Turkmenistan,"Almonds, in shell",1019.54,4.85332E-06
Turkmenistan,Apples,64830.61,0.000308613
Turkmenistan,Apricots,34971.84,0.000166476
Turkmenistan,Grapes,329647.65,0.001569222
Turkmenistan,Potatoes,698748.99,0.003326255
Turkmenistan,Rice,86285,0.000410742
Turkmenistan,Tomatoes,354921.82,0.001689534
Turkmenistan,Wheat,1100000,0.00523633
Tuvalu,Bananas,290.65,1.38358E-06
Uganda,Potatoes,244071.36,0.001161853
Uganda,Rice,730000,0.003475019
Uganda,Tomatoes,37637.23,0.000179165
Uganda,Wheat,25000,0.000119007
Ukraine,Apples,1129120,0.00537495
Ukraine,Apricots,49710,0.000236635
Ukraine,Blueberries,150,7.14045E-07
Ukraine,Cherries,58180,0.000276954
Ukraine,Grapes,257880,0.001227586
Ukraine,"Hazelnuts, in shell",210,9.99663E-07
Ukraine,Potatoes,20899210,0.099486506
Ukraine,Raspberries,33570,0.000159803
Ukraine,Rice,3090,1.47093E-05
Ukraine,Strawberries,54720,0.000260484
Ukraine,Tomatoes,1257470,0.005985934
Ukraine,"Walnuts, in shell",107660,0.000512494
Ukraine,Wheat,20729240,0.098677398
United Arab Emirates,"Almonds, in shell",1001.59,4.76787E-06
United Arab Emirates,Bananas,335.55,1.59732E-06
United Arab Emirates,Dates,397328.94,0.001891405
United Arab Emirates,Grapes,35.02,1.66706E-07
United Arab Emirates,Potatoes,1919.74,9.13854E-06
United Arab Emirates,Tomatoes,70638.98,0.000336263
United Kingdom of Great Britain and Northern Ireland,Apples,555997.75,0.002646716
United Kingdom of Great Britain and Northern Ireland,Cherries,4098.6,1.95106E-05
United Kingdom of Great Britain and Northern Ireland,Grapes,513.4,2.44394E-06
United Kingdom of Great Britain and Northern Ireland,Potatoes,4797301.47,0.022836594
United Kingdom of Great Britain and Northern Ireland,Raspberries,16342.99,7.77975E-05
United Kingdom of Great Britain and Northern Ireland,Strawberries,119143.36,0.000567158
United Kingdom of Great Britain and Northern Ireland,Tomatoes,71921.24,0.000342367
United Kingdom of Great Britain and Northern Ireland,Wheat,15540000,0.07397506
United Republic of Tanzania,Bananas,3500880.33,0.01666524
United Republic of Tanzania,Grapes,4837.6,2.30284E-05
United Republic of Tanzania,Oranges,438037.39,0.002085189
United Republic of Tanzania,Potatoes,1013153.97,0.004822917
United Republic of Tanzania,Rice,2856500,0.013597797
United Republic of Tanzania,Tomatoes,464170.98,0.002209593
United Republic of Tanzania,Wheat,75000,0.000357022
United States of America,"Almonds, in shell",1858010,0.008844685
United States of America,Apples,4429330,0.021084939
United States of America,Apricots,26890,0.000128004
United States of America,Bananas,3517.31,1.67435E-05
United States of America,Blueberries,317150,0.001509729
United States of America,Cherries,210190,0.001000567
United States of America,Dates,60010,0.000285666
United States of America,Grapes,5372800,0.025576139
United States of America,"Hazelnuts, in shell",70310,0.000334697
United States of America,Olives,63230,0.000300994
United States of America,Oranges,3148840,0.014989423
United States of America,"Pistachios, in shell",400070,0.001904453
United States of America,Potatoes,17791840,0.084694493
United States of America,Raspberries,76480,0.000364068
United States of America,Rice,7274170,0.03462723
United States of America,Strawberries,1261890,0.006006975
United States of America,Tomatoes,10199753,0.048553883
United States of America,"Walnuts, in shell",682200,0.003247477
United States of America,Wheat,44902320,0.213748508
Uruguay,Apples,49840,0.000237253
Uruguay,Grapes,106672,0.000507791
Uruguay,Olives,14000,6.66442E-05
Uruguay,Oranges,121961.79,0.000580575
Uruguay,Potatoes,46500,0.000221354
Uruguay,Rice,1372700,0.006534464
Uruguay,Tomatoes,36028.21,0.000171505
Uruguay,Wheat,1283100,0.006107941
Uzbekistan,"Almonds, in shell",30945.06,0.000147308
Uzbekistan,Apples,1313232.89,0.006251382
Uzbekistan,Apricots,451262.76,0.002148146
Uzbekistan,Blueberries,667.59,3.17793E-06
Uzbekistan,Cherries,216866.87,0.001032351
Uzbekistan,Grapes,1760559.31,0.00838079
Uzbekistan,"Hazelnuts, in shell",3727.86,1.77457E-05
Uzbekistan,Olives,119.94,5.7095E-07
Uzbekistan,"Pistachios, in shell",394,1.87556E-06
Uzbekistan,Potatoes,3443223.88,0.016390778
Uzbekistan,Raspberries,900,4.28427E-06
Uzbekistan,Rice,359147.06,0.001709648
Uzbekistan,Strawberries,10500.9,4.99874E-05
Uzbekistan,Tomatoes,2191152.81,0.010430544
Uzbekistan,"Walnuts, in shell",48179.68,0.00022935
Uzbekistan,Wheat,6270058.7,0.02984736
Vanuatu,Bananas,17062.17,8.1221E-05
Venezuela (Bolivarian Republic of),Bananas,528550,0.002516056
Venezuela (Bolivarian Republic of),Grapes,21123.06,0.000100552
Venezuela (Bolivarian Republic of),Oranges,365286,0.001738871
Venezuela (Bolivarian Republic of),Potatoes,476796.48,0.002269694
Venezuela (Bolivarian Republic of),Rice,478472.63,0.002277673
Venezuela (Bolivarian Republic of),Strawberries,43363,0.000206421
Venezuela (Bolivarian Republic of),Tomatoes,182735.32,0.000869875
Venezuela (Bolivarian Republic of),Wheat,621.29,2.95753E-06
Viet Nam,Bananas,2514820.16,0.011971298
Viet Nam,Grapes,26385.77,0.000125604
Viet Nam,Oranges,1807858.82,0.00860595
Viet Nam,Potatoes,332851.24,0.001584472
Viet Nam,Rice,42672338.69,0.203133128
Yemen,"Almonds, in shell",13272.59,6.31815E-05
Yemen,Apples,34714.33,0.000165251
Yemen,Apricots,1721.7,8.19581E-06
Yemen,Bananas,138743.59,0.000660461
Yemen,Dates,67001.32,0.000318946
Yemen,Grapes,142600.57,0.000678821
Yemen,Oranges,135005.73,0.000642668
Yemen,Potatoes,336738.9,0.001602978
Yemen,Tomatoes,172830.84,0.000822727
Yemen,Wheat,100000,0.00047603
Zambia,Bananas,689.75,3.28342E-06
Zambia,Oranges,4184.64,1.99201E-05
Zambia,Potatoes,52372.18,0.000249307
Zambia,Rice,62279.91,0.000296471
Zambia,Tomatoes,25926.07,0.000123416
Zambia,Wheat,234924.63,0.001118312
Zimbabwe,Apples,6824.52,3.24868E-05
Zimbabwe,Apricots,45.19,2.15118E-07
Zimbabwe,Bananas,197458.44,0.000939961
Zimbabwe,Grapes,3453.28,1.64386E-05
Zimbabwe,Oranges,100439.56,0.000478122
Zimbabwe,Potatoes,12493.96,5.9475E-05
Zimbabwe,Raspberries,97.96,4.66319E-07
Zimbabwe,Rice,1923.32,9.15558E-06
Zimbabwe,Strawberries,228.06,1.08563E-06
Zimbabwe,Tomatoes,26386.59,0.000125608
Zimbabwe,Wheat,200000,0.00095206